subject_id,modality,path,format,readable
1,MRI,D:\phd26-27\Bibm\PD world model\OpenNeuro_PD_data\sub-01\ses-01\anat\sub-01_ses-01_T1w.nii.gz,nifti,True
1,other,D:\phd26-27\Bibm\PD world model\OpenNeuro_PD_data\sub-01\ses-01\func\sub-01_ses-01_task-restOFF_run-01_bold.nii.gz,nifti,True
1,other,D:\phd26-27\Bibm\PD world model\OpenNeuro_PD_data\sub-01\ses-01\func\sub-01_ses-01_task-restOFF_run-02_bold.nii.gz,nifti,False
1,other,D:\phd26-27\Bibm\PD world model\OpenNeuro_PD_data\sub-01\ses-01\func\sub-01_ses-01_task-restON_run-01_bold.nii.gz,nifti,False
1,other,D:\phd26-27\Bibm\PD world model\OpenNeuro_PD_data\sub-01\ses-01\func\sub-01_ses-01_task-restON_run-02_bold.nii.gz,nifti,False
1,MRI,D:\phd26-27\Bibm\PD world model\OpenNeuro_PD_data\sub-01\ses-02\anat\sub-01_ses-02_T1w.nii.gz,nifti,True
1,other,D:\phd26-27\Bibm\PD world model\OpenNeuro_PD_data\sub-01\ses-02\func\sub-01_ses-02_task-restOFF_run-01_bold.nii.gz,nifti,True
1,other,D:\phd26-27\Bibm\PD world model\OpenNeuro_PD_data\sub-01\ses-02\func\sub-01_ses-02_task-restOFF_run-02_bold.nii.gz,nifti,True
1,other,D:\phd26-27\Bibm\PD world model\OpenNeuro_PD_data\sub-01\ses-02\func\sub-01_ses-02_task-restON_run-01_bold.nii.gz,nifti,True
1,other,D:\phd26-27\Bibm\PD world model\OpenNeuro_PD_data\sub-01\ses-02\func\sub-01_ses-02_task-restON_run-02_bold.nii.gz,nifti,True
2,MRI,D:\phd26-27\Bibm\PD world model\OpenNeuro_PD_data\sub-02\ses-01\anat\sub-02_ses-01_T1w.nii.gz,nifti,True
2,other,D:\phd26-27\Bibm\PD world model\OpenNeuro_PD_data\sub-02\ses-01\func\sub-02_ses-01_task-restOFF_run-01_bold.nii.gz,nifti,True
2,other,D:\phd26-27\Bibm\PD world model\OpenNeuro_PD_data\sub-02\ses-01\func\sub-02_ses-01_task-restOFF_run-02_bold.nii.gz,nifti,True
2,other,D:\phd26-27\Bibm\PD world model\OpenNeuro_PD_data\sub-02\ses-01\func\sub-02_ses-01_task-restON_run-01_bold.nii.gz,nifti,True
2,other,D:\phd26-27\Bibm\PD world model\OpenNeuro_PD_data\sub-02\ses-01\func\sub-02_ses-01_task-restON_run-02_bold.nii.gz,nifti,True
3,MRI,D:\phd26-27\Bibm\PD world model\OpenNeuro_PD_data\sub-03\ses-01\anat\sub-03_ses-01_T1w.nii.gz,nifti,True
3,other,D:\phd26-27\Bibm\PD world model\OpenNeuro_PD_data\sub-03\ses-01\func\sub-03_ses-01_task-restOFF_run-01_bold.nii.gz,nifti,True
3,other,D:\phd26-27\Bibm\PD world model\OpenNeuro_PD_data\sub-03\ses-01\func\sub-03_ses-01_task-restOFF_run-02_bold.nii.gz,nifti,True
3,other,D:\phd26-27\Bibm\PD world model\OpenNeuro_PD_data\sub-03\ses-01\func\sub-03_ses-01_task-restON_run-01_bold.nii.gz,nifti,True
3,other,D:\phd26-27\Bibm\PD world model\OpenNeuro_PD_data\sub-03\ses-01\func\sub-03_ses-01_task-restON_run-02_bold.nii.gz,nifti,True
3,MRI,D:\phd26-27\Bibm\PD world model\OpenNeuro_PD_data\sub-03\ses-02\anat\sub-03_ses-02_T1w.nii.gz,nifti,True
3,other,D:\phd26-27\Bibm\PD world model\OpenNeuro_PD_data\sub-03\ses-02\func\sub-03_ses-02_task-restOFF_run-01_bold.nii.gz,nifti,True
3,other,D:\phd26-27\Bibm\PD world model\OpenNeuro_PD_data\sub-03\ses-02\func\sub-03_ses-02_task-restOFF_run-02_bold.nii.gz,nifti,True
3,other,D:\phd26-27\Bibm\PD world model\OpenNeuro_PD_data\sub-03\ses-02\func\sub-03_ses-02_task-restON_run-01_bold.nii.gz,nifti,True
3,other,D:\phd26-27\Bibm\PD world model\OpenNeuro_PD_data\sub-03\ses-02\func\sub-03_ses-02_task-restON_run-02_bold.nii.gz,nifti,True
4,MRI,D:\phd26-27\Bibm\PD world model\OpenNeuro_PD_data\sub-04\ses-01\anat\sub-04_ses-01_T1w.nii.gz,nifti,True
4,other,D:\phd26-27\Bibm\PD world model\OpenNeuro_PD_data\sub-04\ses-01\func\sub-04_ses-01_task-restOFF_run-01_bold.nii.gz,nifti,True
4,other,D:\phd26-27\Bibm\PD world model\OpenNeuro_PD_data\sub-04\ses-01\func\sub-04_ses-01_task-restOFF_run-02_bold.nii.gz,nifti,True
4,other,D:\phd26-27\Bibm\PD world model\OpenNeuro_PD_data\sub-04\ses-01\func\sub-04_ses-01_task-restON_run-01_bold.nii.gz,nifti,True
4,other,D:\phd26-27\Bibm\PD world model\OpenNeuro_PD_data\sub-04\ses-01\func\sub-04_ses-01_task-restON_run-02_bold.nii.gz,nifti,True
5,MRI,D:\phd26-27\Bibm\PD world model\OpenNeuro_PD_data\sub-05\ses-01\anat\sub-05_ses-01_T1w.nii.gz,nifti,True
5,other,D:\phd26-27\Bibm\PD world model\OpenNeuro_PD_data\sub-05\ses-01\func\sub-05_ses-01_task-restOFF_run-01_bold.nii.gz,nifti,True
5,other,D:\phd26-27\Bibm\PD world model\OpenNeuro_PD_data\sub-05\ses-01\func\sub-05_ses-01_task-restOFF_run-02_bold.nii.gz,nifti,True
5,other,D:\phd26-27\Bibm\PD world model\OpenNeuro_PD_data\sub-05\ses-01\func\sub-05_ses-01_task-restON_run-01_bold.nii.gz,nifti,True
5,other,D:\phd26-27\Bibm\PD world model\OpenNeuro_PD_data\sub-05\ses-01\func\sub-05_ses-01_task-restON_run-02_bold.nii.gz,nifti,True
6,MRI,D:\phd26-27\Bibm\PD world model\OpenNeuro_PD_data\sub-06\ses-01\anat\sub-06_ses-01_T1w.nii.gz,nifti,False
6,other,D:\phd26-27\Bibm\PD world model\OpenNeuro_PD_data\sub-06\ses-01\func\sub-06_ses-01_task-restOFF_run-01_bold.nii.gz,nifti,False
6,other,D:\phd26-27\Bibm\PD world model\OpenNeuro_PD_data\sub-06\ses-01\func\sub-06_ses-01_task-restOFF_run-02_bold.nii.gz,nifti,True
6,other,D:\phd26-27\Bibm\PD world model\OpenNeuro_PD_data\sub-06\ses-01\func\sub-06_ses-01_task-restON_run-01_bold.nii.gz,nifti,False
6,other,D:\phd26-27\Bibm\PD world model\OpenNeuro_PD_data\sub-06\ses-01\func\sub-06_ses-01_task-restON_run-02_bold.nii.gz,nifti,True
12,MRI,D:\phd26-27\Bibm\PD world model\OpenNeuro_PD_data\sub-12\ses-01\anat\sub-12_ses-01_T1w.nii.gz,nifti,False
12,other,D:\phd26-27\Bibm\PD world model\OpenNeuro_PD_data\sub-12\ses-01\func\sub-12_ses-01_task-restOFF_run-01_bold.nii.gz,nifti,True
12,other,D:\phd26-27\Bibm\PD world model\OpenNeuro_PD_data\sub-12\ses-01\func\sub-12_ses-01_task-restOFF_run-02_bold.nii.gz,nifti,True
12,other,D:\phd26-27\Bibm\PD world model\OpenNeuro_PD_data\sub-12\ses-01\func\sub-12_ses-01_task-restON_run-01_bold.nii.gz,nifti,True
12,other,D:\phd26-27\Bibm\PD world model\OpenNeuro_PD_data\sub-12\ses-01\func\sub-12_ses-01_task-restON_run-02_bold.nii.gz,nifti,True
13,MRI,D:\phd26-27\Bibm\PD world model\OpenNeuro_PD_data\sub-13\ses-01\anat\sub-13_ses-01_T1w.nii.gz,nifti,False
13,other,D:\phd26-27\Bibm\PD world model\OpenNeuro_PD_data\sub-13\ses-01\func\sub-13_ses-01_task-restOFF_run-01_bold.nii.gz,nifti,False
13,other,D:\phd26-27\Bibm\PD world model\OpenNeuro_PD_data\sub-13\ses-01\func\sub-13_ses-01_task-restOFF_run-02_bold.nii.gz,nifti,False
13,other,D:\phd26-27\Bibm\PD world model\OpenNeuro_PD_data\sub-13\ses-01\func\sub-13_ses-01_task-restON_run-01_bold.nii.gz,nifti,False
13,other,D:\phd26-27\Bibm\PD world model\OpenNeuro_PD_data\sub-13\ses-01\func\sub-13_ses-01_task-restON_run-02_bold.nii.gz,nifti,False
14,MRI,D:\phd26-27\Bibm\PD world model\OpenNeuro_PD_data\sub-14\ses-01\anat\sub-14_ses-01_T1w.nii.gz,nifti,False
14,other,D:\phd26-27\Bibm\PD world model\OpenNeuro_PD_data\sub-14\ses-01\func\sub-14_ses-01_task-restOFF_run-01_bold.nii.gz,nifti,True
14,other,D:\phd26-27\Bibm\PD world model\OpenNeuro_PD_data\sub-14\ses-01\func\sub-14_ses-01_task-restOFF_run-02_bold.nii.gz,nifti,True
14,other,D:\phd26-27\Bibm\PD world model\OpenNeuro_PD_data\sub-14\ses-01\func\sub-14_ses-01_task-restON_run-01_bold.nii.gz,nifti,False
14,other,D:\phd26-27\Bibm\PD world model\OpenNeuro_PD_data\sub-14\ses-01\func\sub-14_ses-01_task-restON_run-02_bold.nii.gz,nifti,True
16,MRI,D:\phd26-27\Bibm\PD world model\OpenNeuro_PD_data\sub-16\ses-01\anat\sub-16_ses-01_T1w.nii.gz,nifti,True
16,other,D:\phd26-27\Bibm\PD world model\OpenNeuro_PD_data\sub-16\ses-01\func\sub-16_ses-01_task-restOFF_run-01_bold.nii.gz,nifti,True
16,other,D:\phd26-27\Bibm\PD world model\OpenNeuro_PD_data\sub-16\ses-01\func\sub-16_ses-01_task-restOFF_run-02_bold.nii.gz,nifti,True
16,other,D:\phd26-27\Bibm\PD world model\OpenNeuro_PD_data\sub-16\ses-01\func\sub-16_ses-01_task-restON_run-01_bold.nii.gz,nifti,True
16,other,D:\phd26-27\Bibm\PD world model\OpenNeuro_PD_data\sub-16\ses-01\func\sub-16_ses-01_task-restON_run-02_bold.nii.gz,nifti,True
